config,trial,detect,job_to_pod,sched,post_sched,podstart,total,_pull_ms
poll1,0,766.5,13.0,8.9,783.8,792.7,1572.2,
poll1,1,549.5,10.9,8.9,1902.7,1911.6,2472.0,1314.0
poll1,2,743.9,8.0,7.9,509.2,517.2,1269.1,
poll1,3,373.8,8.9,9.1,542.3,551.4,934.1,
poll1,4,304.3,7.2,6.5,529.9,536.4,847.9,
poll1,5,972.8,10.8,9.5,533.4,542.8,1526.4,
poll1,6,757.0,8.8,7.5,519.8,527.3,1293.1,
poll1,7,288.7,9.7,5.3,511.6,516.8,815.2,
poll1,8,150.4,6.2,5.7,526.5,532.2,688.8,
poll1,9,952.3,5.8,6.2,508.5,514.7,1472.8,
poll1,10,352.9,3.3,4.2,499.2,503.4,859.6,
poll1,11,398.5,16.2,13.2,534.2,547.4,962.1,
poll1,12,620.5,9.5,8.9,541.6,550.5,1180.5,
poll1,13,324.3,7.6,7.5,814.6,822.1,1154.0,
poll1,14,27.9,5.4,8.5,520.5,529.0,562.3,
poll1,15,161.4,3.6,4.5,530.7,535.2,700.2,
poll1,16,7.3,3.9,5.1,503.3,508.4,519.6,
poll1,17,477.7,12.3,6.9,508.7,515.6,1005.6,
poll1,18,9.0,3.7,8.7,516.7,525.5,538.1,
poll1,19,856.1,8.3,4.9,528.1,533.0,1397.4,
slim_cold,0,105.2,4.9,5.4,2154.0,2159.4,2269.5,1311.0
slim_cold,1,543.2,8.1,12.6,1727.3,1739.9,2291.2,1178.0
slim_cold,2,328.4,4.1,7.9,1677.5,1685.4,2017.9,1155.0
slim_cold,3,302.6,12.1,6.8,1702.7,1709.5,2024.2,1177.0
slim_cold,4,889.4,7.9,8.9,1769.1,1778.0,2675.4,1209.0
slim_cold,5,351.9,12.0,10.0,1694.7,1704.7,2068.6,1164.0
slim_cold,6,838.5,7.7,11.5,1752.3,1763.7,2609.9,1204.0
slim_cold,7,672.1,5.9,7.1,1734.6,1741.7,2419.7,1243.0
slim_cold,8,159.0,13.0,9.5,2463.9,2473.4,2645.5,1389.0
slim_cold,9,666.2,11.5,13.1,1980.7,1993.8,2671.5,1296.0
slim_cold,10,983.0,7.8,8.0,1826.5,1834.4,2825.2,1279.0
slim_cold,11,960.1,9.4,31.8,1727.7,1759.5,2729.0,1203.0
slim_cold,12,652.2,7.5,11.8,1756.8,1768.5,2428.3,1235.0
slim_cold,13,593.8,11.8,6.8,1658.9,1665.8,2271.4,1133.0
slim_cold,14,814.4,10.0,7.4,1702.6,1710.0,2534.5,1183.0
slim_cold,15,634.0,8.3,8.1,1732.4,1740.5,2382.8,1181.0
slim_cold,16,689.3,4.5,9.2,1709.1,1718.3,2412.2,1188.0
slim_cold,17,643.1,6.0,11.6,1677.6,1689.2,2338.3,1155.0
slim_cold,18,892.6,11.2,7.8,2077.0,2084.8,2988.6,1222.0
slim_cold,19,890.7,9.5,8.9,1851.2,1860.1,2760.3,1313.0
poll30,0,6564.7,7.6,9.4,523.5,532.9,7105.2,
poll30,1,27367.5,9.4,7.0,526.7,533.8,27910.7,
poll30,2,10183.0,11.0,8.0,544.1,552.1,10746.1,
poll30,3,3719.3,11.3,7.4,512.9,520.3,4250.9,
poll30,4,9979.6,6.4,14.7,542.0,556.7,10542.6,
poll30,5,6728.7,13.1,6.9,526.4,533.3,7275.1,
poll30,6,26389.6,4.2,9.8,521.8,531.7,26925.5,
poll30,7,16797.6,15.1,7.2,748.8,756.1,17568.8,
poll30,8,29267.0,15.1,9.4,538.8,548.2,29830.4,
poll30,9,23159.7,5.1,7.4,545.8,553.2,23718.0,
poll30,10,25551.8,12.0,7.0,500.6,507.7,26071.5,
poll30,11,8280.1,6.6,8.6,534.3,542.9,8829.6,
poll30,12,13169.5,10.2,8.1,534.4,542.6,13722.2,
poll30,13,15046.6,16.2,7.2,864.8,871.9,15934.8,
poll30,14,15347.1,21.1,9.8,863.3,873.1,16241.3,
poll30,15,3398.3,9.1,6.3,526.7,533.1,3940.6,
poll30,16,15959.9,12.1,11.0,842.2,853.2,16825.2,
poll30,17,24892.8,6.6,10.3,823.8,834.0,25733.5,
poll30,18,16896.3,11.4,9.5,529.8,539.3,17447.0,
poll30,19,182.7,4.2,4.3,515.2,519.5,706.4,
poll10,0,8554.4,9.1,9.1,784.7,793.8,9357.2,
poll10,1,24.1,3.3,4.3,495.5,499.8,527.2,
poll10,2,1977.0,12.0,8.2,855.5,863.7,2852.7,
poll10,3,2270.8,5.7,12.3,515.5,527.8,2804.3,
poll10,4,1673.5,10.3,6.0,534.8,540.8,2224.6,
poll10,5,7132.0,5.9,15.0,2905.1,2920.1,10058.0,2351.0
poll10,6,5773.7,15.0,7.5,549.4,557.0,6345.7,
poll10,7,4645.5,6.3,7.2,518.2,525.4,5177.2,
poll10,8,6976.8,8.0,13.2,519.2,532.4,7517.2,
poll10,9,6205.8,5.5,8.6,511.8,520.4,6731.7,
poll10,10,2420.4,9.0,3.3,601.3,604.6,3034.0,
poll10,11,5491.6,7.9,8.7,818.3,826.9,6326.4,
poll10,12,4697.0,6.5,10.2,547.2,557.4,5260.9,
poll10,13,1884.3,10.1,7.1,833.9,840.9,2735.3,
poll10,14,7536.1,3.2,9.0,497.6,506.6,8045.9,
poll10,15,8228.3,13.3,8.7,789.3,797.9,9039.5,
poll10,16,473.2,7.2,10.8,537.4,548.2,1028.7,
poll10,17,2800.7,6.4,14.2,547.2,561.5,3368.6,
poll10,18,5279.6,4.3,7.8,526.3,534.2,5818.1,
poll10,19,1609.2,11.7,8.8,828.4,837.2,2458.1,
poll5,0,4792.4,8.0,9.9,530.3,540.3,5340.7,
poll5,1,2259.5,13.8,8.3,532.1,540.4,2813.7,
poll5,2,1561.2,7.3,7.4,516.3,523.7,2092.2,
poll5,3,1692.3,6.8,7.7,859.1,866.8,2565.9,
poll5,4,2333.8,6.7,11.2,508.1,519.3,2859.9,
poll5,5,4358.9,8.8,8.4,522.7,531.0,4898.7,
poll5,6,895.6,9.9,7.6,521.7,529.3,1434.8,
poll5,7,1211.5,6.7,10.5,826.5,837.0,2055.3,
poll5,8,1260.3,2.4,6.1,816.2,822.4,2085.0,
poll5,9,2148.2,6.4,15.9,512.1,528.1,2682.7,
poll5,10,2830.5,11.6,6.5,528.9,535.3,3377.4,
poll5,11,3681.7,7.2,9.2,509.6,518.8,4207.7,
poll5,12,90.1,4.6,6.2,525.5,531.7,626.4,
poll5,13,889.2,5.8,16.8,504.6,521.3,1416.2,
poll5,14,2842.3,12.7,8.8,513.0,521.8,3376.8,
poll5,15,4587.4,11.4,6.5,531.2,537.7,5136.5,
poll5,16,2951.7,6.1,10.2,561.7,571.9,3529.7,
poll5,17,2209.2,-6.5,9.8,625.7,635.5,2838.2,
poll5,18,3523.0,14.4,9.2,530.7,539.9,4077.2,
poll5,19,3263.9,9.6,8.9,533.4,542.3,3815.8,
alpine_cold,0,635.2,5.9,10.7,2160.6,2171.4,2812.5,1287.0
alpine_cold,1,334.1,11.4,8.3,1751.7,1760.0,2105.5,1167.0
alpine_cold,2,137.3,2.7,6.2,1634.4,1640.6,1780.6,1104.0
alpine_cold,3,422.3,13.6,7.4,1670.2,1677.6,2113.5,1113.0
alpine_cold,4,194.3,5.5,18.0,2026.8,2044.8,2244.6,1164.0
alpine_cold,5,898.7,8.9,10.5,1676.5,1686.9,2594.6,1148.0
alpine_cold,6,682.9,6.9,11.3,1714.2,1725.4,2415.3,1140.0
alpine_cold,7,328.8,7.3,8.8,2114.5,2123.3,2459.4,1194.0
alpine_cold,8,733.8,12.0,6.5,1727.2,1733.7,2479.5,1191.0
alpine_cold,9,441.5,5.7,9.5,1665.0,1674.6,2121.7,1130.0
alpine_cold,10,869.9,6.8,10.5,1769.7,1780.2,2656.9,1212.0
alpine_cold,11,593.7,9.4,7.1,1674.1,1681.2,2284.3,1140.0
alpine_cold,12,715.2,9.7,5.2,2073.9,2079.1,2803.9,1503.0
alpine_cold,13,226.9,9.3,7.2,2754.2,2761.4,2997.6,1918.0
alpine_cold,14,86.2,3.4,9.3,1805.1,1814.4,1904.0,1243.0
alpine_cold,15,727.1,9.4,7.6,1773.3,1780.8,2517.3,1219.0
alpine_cold,16,200.0,7.4,3.9,1822.5,1826.3,2033.7,1273.0
alpine_cold,17,158.1,4.0,7.0,1647.0,1654.0,1816.1,1121.0
alpine_cold,18,353.3,12.6,7.3,2273.3,2280.5,2646.5,1759.0
alpine_cold,19,93.1,4.1,6.5,1929.8,1936.3,2033.5,1415.0
warm_poll1s,0,,,,,,707.2,
warm_poll1s,1,,,,,,337.3,
warm_poll1s,2,,,,,,892.0,
warm_poll1s,3,,,,,,593.5,
warm_poll1s,4,,,,,,482.5,
warm_poll1s,5,,,,,,119.0,
warm_poll1s,6,,,,,,870.5,
warm_poll1s,7,,,,,,464.4,
warm_poll1s,8,,,,,,221.5,
warm_poll1s,9,,,,,,602.2,
warm_poll1s,10,,,,,,223.4,
warm_poll1s,11,,,,,,230.5,
warm_poll1s,12,,,,,,291.7,
warm_poll1s,13,,,,,,639.2,
warm_poll1s,14,,,,,,394.3,
warm_poll1s,15,,,,,,456.7,
warm_poll1s,16,,,,,,509.8,
warm_poll1s,17,,,,,,842.9,
warm_poll1s,18,,,,,,431.3,
warm_poll1s,19,,,,,,68.7,
warm_blpop,0,,,,,,2.5,
warm_blpop,1,,,,,,1.8,
warm_blpop,2,,,,,,1.7,
warm_blpop,3,,,,,,2.0,
warm_blpop,4,,,,,,1.6,
warm_blpop,5,,,,,,2.2,
warm_blpop,6,,,,,,1.9,
warm_blpop,7,,,,,,3.1,
warm_blpop,8,,,,,,5.2,
warm_blpop,9,,,,,,6.5,
warm_blpop,10,,,,,,2.1,
warm_blpop,11,,,,,,4.2,
warm_blpop,12,,,,,,13.6,
warm_blpop,13,,,,,,10.6,
warm_blpop,14,,,,,,2.5,
warm_blpop,15,,,,,,2.4,
warm_blpop,16,,,,,,2.4,
warm_blpop,17,,,,,,2.8,
warm_blpop,18,,,,,,2.6,
warm_blpop,19,,,,,,2.3,
alpine_warm,0,347.2,4.5,6.1,611.3,617.4,969.0,
alpine_warm,1,669.3,5.7,11.1,532.4,543.5,1218.5,
alpine_warm,2,638.9,9.8,8.8,554.2,563.1,1211.8,
alpine_warm,3,244.2,5.4,6.7,573.9,580.6,830.2,
alpine_warm,4,307.9,3.2,11.0,509.9,521.0,832.1,
alpine_warm,5,906.4,7.2,13.6,531.3,545.0,1458.6,
alpine_warm,6,734.8,11.6,10.6,537.6,548.3,1294.6,
alpine_warm,7,661.2,6.9,16.2,551.2,567.5,1235.6,
alpine_warm,8,747.2,8.6,5.4,529.8,535.2,1291.1,
alpine_warm,9,265.8,5.2,9.2,532.0,541.2,812.2,
alpine_warm,10,710.1,9.1,9.5,845.2,854.7,1573.9,
alpine_warm,11,696.9,8.0,8.3,562.9,571.2,1276.1,
alpine_warm,12,855.3,8.0,6.4,831.7,838.0,1701.3,
alpine_warm,13,344.2,6.9,9.9,537.9,547.8,898.9,
alpine_warm,14,283.0,9.5,7.2,542.9,550.2,842.7,
alpine_warm,15,967.2,11.8,7.2,522.2,529.4,1508.4,
alpine_warm,16,790.4,15.4,8.8,511.3,520.2,1325.9,
alpine_warm,17,681.1,10.0,9.1,543.1,552.2,1243.2,
alpine_warm,18,725.4,5.9,13.8,539.1,552.9,1284.2,
alpine_warm,19,235.8,3.5,8.4,528.6,537.0,776.3,
distroless_cold,0,267.2,9.3,9.8,2768.8,2778.6,3055.2,2024.0
distroless_cold,1,880.0,23.1,48.0,2045.3,2093.4,2996.5,1559.0
distroless_cold,2,937.7,13.3,8.0,1878.6,1886.6,2837.6,1340.0
distroless_cold,3,605.7,4.8,5.6,2276.8,2282.4,2893.0,1581.0
distroless_cold,4,509.0,6.4,8.9,1778.0,1786.9,2302.3,1257.0
distroless_cold,5,382.1,8.6,10.0,2202.9,2212.9,2603.6,1683.0
distroless_cold,6,851.9,10.3,8.1,2282.2,2290.3,3152.5,1756.0
distroless_cold,7,625.2,14.3,6.5,2605.7,2612.2,3251.7,1795.0
distroless_cold,8,647.3,11.6,11.7,2520.0,2531.7,3190.6,1675.0
distroless_cold,9,739.2,4.9,6.6,1820.0,1826.5,2570.7,1298.0
distroless_cold,10,61.2,3.5,5.4,1795.9,1801.3,1866.0,1267.0
distroless_cold,11,401.8,10.9,8.7,1955.7,1964.4,2377.1,1426.0
distroless_cold,12,19.1,8.1,7.3,1912.7,1920.0,1947.2,1384.0
distroless_cold,13,434.4,6.7,10.1,2145.3,2155.3,2596.4,1601.0
distroless_cold,14,604.5,8.8,7.7,1575.0,1582.6,2195.9,1091.0
distroless_cold,15,399.5,14.2,12.1,2477.0,2489.1,2902.8,1731.0
distroless_cold,16,583.5,16.2,6.0,1912.5,1918.5,2518.2,1333.0
distroless_cold,17,508.7,14.5,10.7,1983.9,1994.7,2517.9,1474.0
distroless_cold,18,681.6,7.1,11.0,2464.7,2475.7,3164.4,1646.0
distroless_cold,19,358.9,10.2,9.7,1943.3,1952.9,2322.0,1126.0
